Colombia,Guainía,Restrict_Mass_Gatherings_and_Schools_and_Others
India,Chandigarh,Authorize_Schools_but_Restrict_Mass_Gatherings_and_Others
Mexico,Veracruz,Lockdown
Russia,Ingushetia,Mass_Gatherings_Authorized_But_Others_Restricted
Brazil,Maranhão,Mass_Gatherings_Authorized_But_Others_Restricted
India,West Bengal,Authorize_Schools_but_Restrict_Mass_Gatherings_and_Others
Russia,Tyumen Oblast,Mass_Gatherings_Authorized_But_Others_Restricted
Mexico,Zacatecas,Lockdown
Gambia,None,Lockdown
Brazil,Alagoas,Mass_Gatherings_Authorized_But_Others_Restricted
Austria,None,Authorize_Schools_but_Restrict_Mass_Gatherings_and_Others
Brazil,Pará,Mass_Gatherings_Authorized_But_Others_Restricted
Belgium,Hainaut,Authorize_Schools_but_Restrict_Mass_Gatherings_and_Others
France,Auvergne-Rhône-Alpes,Mass_Gatherings_Authorized_But_Others_Restricted
Russia,Mordovia,Mass_Gatherings_Authorized_But_Others_Restricted
India,Goa,Authorize_Schools_but_Restrict_Mass_Gatherings_and_Others
Russia,Rostov Oblast,Mass_Gatherings_Authorized_But_Others_Restricted
France,Île-de-France,Mass_Gatherings_Authorized_But_Others_Restricted
Philippines,Caraga,Mass_Gatherings_Authorized_But_Others_Restricted
Germany,Saxony,Authorize_Schools_but_Restrict_Mass_Gatherings_and_Others
Brazil,Amapá,Mass_Gatherings_Authorized_But_Others_Restricted
Russia,Omsk Oblast,Mass_Gatherings_Authorized_But_Others_Restricted
United Kingdom,South East,Authorize_Schools_but_Restrict_Mass_Gatherings_and_Others
Russia,Voronezh Oblast,Mass_Gatherings_Authorized_But_Others_Restricted
Italy,South Tyrol,Authorize_Schools_but_Restrict_Mass_Gatherings_and_Others
Russia,Sakhalin Oblast,Mass_Gatherings_Authorized_But_Others_Restricted
Ukraine,Odessa,Mass_Gatherings_Authorized_But_Others_Restricted
Mexico,Oaxaca,Lockdown
Netherlands,Overijssel,Authorize_Schools_but_Restrict_Mass_Gatherings_and_Others
Ukraine,Ternopil,Mass_Gatherings_Authorized_But_Others_Restricted
Chile,Atacama,Mass_Gatherings_Authorized_But_Others_Restricted
United Kingdom,England,Authorize_Schools_but_Restrict_Mass_Gatherings_and_Others
Russia,Krasnodar Krai,Mass_Gatherings_Authorized_But_Others_Restricted
Italy,Lazio,Authorize_Schools_but_Restrict_Mass_Gatherings_and_Others
Russia,Magadan Oblast,Mass_Gatherings_Authorized_But_Others_Restricted
Ukraine,Vinnytsia,Mass_Gatherings_Authorized_But_Others_Restricted
Spain,País Vasco,Mass_Gatherings_Authorized_But_Others_Restricted
Germany,Bremen,Authorize_Schools_but_Restrict_Mass_Gatherings_and_Others
Philippines,Eastern Visayas,Mass_Gatherings_Authorized_But_Others_Restricted
Colombia,Nariño,Restrict_Mass_Gatherings_and_Schools_and_Others
Egypt,None,Restrict_Mass_Gatherings_and_Schools_and_Others
Anguilla,None,Mass_Gatherings_Authorized_But_Others_Restricted
Aruba,None,Lockdown
India,Puducherry,Authorize_Schools_but_Restrict_Mass_Gatherings_and_Others
Brazil,BR_SP_350550,Mass_Gatherings_Authorized_But_Others_Restricted
Zimbabwe,None,Lockdown
Mexico,Hidalgo,Lockdown
Australia,New South Wales,Mass_Gatherings_Authorized_But_Others_Restricted
South Africa,Gauteng,Lockdown
Netherlands,None,Authorize_Schools_but_Restrict_Mass_Gatherings_and_Others
Belgium,Liège,Authorize_Schools_but_Restrict_Mass_Gatherings_and_Others
Belize,None,Restrict_Mass_Gatherings_and_Schools_and_Others
India,Jharkhand,Authorize_Schools_but_Restrict_Mass_Gatherings_and_Others
Colombia,CO_05_05001,Restrict_Mass_Gatherings_and_Schools_and_Others
Fiji,None,Lockdown
Australia,Queensland,Mass_Gatherings_Authorized_But_Others_Restricted
Ukraine,Donetsk,Mass_Gatherings_Authorized_But_Others_Restricted
Ukraine,Dnipropetrovsk,Mass_Gatherings_Authorized_But_Others_Restricted
Brazil,Paraná,Mass_Gatherings_Authorized_But_Others_Restricted
Russia,Ryazan Oblast,Mass_Gatherings_Authorized_But_Others_Restricted
Greece,None,Authorize_Schools_but_Restrict_Mass_Gatherings_and_Others
South Africa,ZA_GP_JHB,Lockdown
Croatia,None,Restrict_Mass_Gatherings_and_Schools_and_Others
India,Meghalaya,Authorize_Schools_but_Restrict_Mass_Gatherings_and_Others
Jamaica,None,Lockdown
Chile,Coquimbo,Mass_Gatherings_Authorized_But_Others_Restricted
Mongolia,None,Mass_Gatherings_Authorized_But_Others_Restricted
Spain,Andalucía,Mass_Gatherings_Authorized_But_Others_Restricted
Andorra,None,Authorize_Schools_but_Restrict_Mass_Gatherings_and_Others
Uruguay,None,Mass_Gatherings_Authorized_But_Others_Restricted
Bulgaria,None,Authorize_Schools_but_Restrict_Mass_Gatherings_and_Others
Mexico,Baja California Sur,Lockdown
Bahrain,None,Lockdown
Netherlands,Friesland,Authorize_Schools_but_Restrict_Mass_Gatherings_and_Others
Cote d'Ivoire,None,Authorize_Schools_but_Restrict_Mass_Gatherings_and_Others
Russia,Tatarstan,Mass_Gatherings_Authorized_But_Others_Restricted
Russia,Chechnya,Mass_Gatherings_Authorized_But_Others_Restricted
Philippines,Cordillera Administrative Region,Mass_Gatherings_Authorized_But_Others_Restricted
Tajikistan,None,Authorize_Schools_but_Restrict_Mass_Gatherings_and_Others
Colombia,Antioquia,Restrict_Mass_Gatherings_and_Schools_and_Others
South Africa,Eastern Cape,Lockdown
Brazil,BR_MS_500270,Mass_Gatherings_Authorized_But_Others_Restricted
Argentina,Chaco,Authorize_Schools_but_Restrict_Mass_Gatherings_and_Others
Canada,Manitoba,Mass_Gatherings_Authorized_But_Others_Restricted
Indonesia,None,Mass_Gatherings_Authorized_But_Others_Restricted
Brazil,BR_PR_410690,Mass_Gatherings_Authorized_But_Others_Restricted
Mexico,MX_YUC,Lockdown
Seychelles,None,Mass_Gatherings_Authorized_But_Others_Restricted
Spain,Asturias,Mass_Gatherings_Authorized_But_Others_Restricted
Mexico,MX_JAL_14039,Lockdown
Colombia,Cundinamarca,Restrict_Mass_Gatherings_and_Schools_and_Others
Chile,CL_VS_05109,Mass_Gatherings_Authorized_But_Others_Restricted
Russia,Kaliningrad Oblast,Mass_Gatherings_Authorized_But_Others_Restricted
Canada,Saskatchewan,Mass_Gatherings_Authorized_But_Others_Restricted
Nigeria,None,Restrict_Mass_Gatherings_and_Schools_and_Others
Venezuela,None,Lockdown
Peru,Madre de Dios,Lockdown
Italy,Friuli Venezia Giulia,Authorize_Schools_but_Restrict_Mass_Gatherings_and_Others
South Sudan,None,Lockdown
Brazil,Sergipe,Mass_Gatherings_Authorized_But_Others_Restricted
Congo (Kinshasa),None,Mass_Gatherings_Authorized_But_Others_Restricted
Italy,Calabria,Authorize_Schools_but_Restrict_Mass_Gatherings_and_Others
Italy,Tuscany,Authorize_Schools_but_Restrict_Mass_Gatherings_and_Others
Mexico,Coahuila,Lockdown
Philippines,Metro Manila,Mass_Gatherings_Authorized_But_Others_Restricted
El Salvador,None,Lockdown
Russia,Altai Republic,Mass_Gatherings_Authorized_But_Others_Restricted
Trinidad and Tobago,None,Restrict_Mass_Gatherings_and_Schools_and_Others
Russia,Saratov Oblast,Mass_Gatherings_Authorized_But_Others_Restricted
Poland,None,Mass_Gatherings_Authorized_But_Others_Restricted
Mexico,None,Lockdown
Paraguay,None,Lockdown
Timor-Leste,None,Mass_Gatherings_Authorized_But_Others_Restricted
Brazil,BR_SP_355030,Mass_Gatherings_Authorized_But_Others_Restricted
Mexico,Guerrero,Lockdown
Netherlands,Gelderland,Authorize_Schools_but_Restrict_Mass_Gatherings_and_Others
Colombia,Córdoba,Restrict_Mass_Gatherings_and_Schools_and_Others
Tanzania,None,Mass_Gatherings_Authorized_But_Others_Restricted
Eritrea,None,Lockdown
Argentina,Chubut,Authorize_Schools_but_Restrict_Mass_Gatherings_and_Others
South Africa,ZA_GP_EKU,Lockdown
Ukraine,Kirovohrad,Mass_Gatherings_Authorized_But_Others_Restricted
Guyana,None,Lockdown
Libya,None,Lockdown
Russia,Khabarovsk Krai,Mass_Gatherings_Authorized_But_Others_Restricted
Argentina,AR_C_002,Authorize_Schools_but_Restrict_Mass_Gatherings_and_Others
Colombia,CO_50_50001,Restrict_Mass_Gatherings_and_Schools_and_Others
Mexico,MX_BCN_02004,Lockdown
Russia,None,Mass_Gatherings_Authorized_But_Others_Restricted
Falkland Islands,None,Mass_Gatherings_Authorized_But_Others_Restricted
Russia,Penza Oblast,Mass_Gatherings_Authorized_But_Others_Restricted
Suriname,None,Lockdown
Mexico,MX_NLE_19039,Lockdown
Russia,Smolensk Oblast,Mass_Gatherings_Authorized_But_Others_Restricted
Afghanistan,None,Mass_Gatherings_Authorized_But_Others_Restricted
Peru,Piura,Lockdown
Brazil,Paraíba,Mass_Gatherings_Authorized_But_Others_Restricted
Russia,Kabardino-Balkaria,Mass_Gatherings_Authorized_But_Others_Restricted
Brazil,BR_RN_240810,Mass_Gatherings_Authorized_But_Others_Restricted
Spain,Aragón,Mass_Gatherings_Authorized_But_Others_Restricted
South Africa,ZA_NW_DC40,Lockdown
Ukraine,Rivne,Mass_Gatherings_Authorized_But_Others_Restricted
Puerto Rico,None,Lockdown
Russia,Komi Republic,Mass_Gatherings_Authorized_But_Others_Restricted
Brazil,Piauí,Mass_Gatherings_Authorized_But_Others_Restricted
Philippines,Autonomous Region in Muslim Mindanao,Mass_Gatherings_Authorized_But_Others_Restricted
India,Dadra and Nagar Haveli and Daman and Diu,Authorize_Schools_but_Restrict_Mass_Gatherings_and_Others
Colombia,Huila,Restrict_Mass_Gatherings_and_Schools_and_Others
South Africa,ZA_KZN_DC43,Lockdown
Qatar,None,Restrict_Mass_Gatherings_and_Schools_and_Others
Canada,Ontario,Mass_Gatherings_Authorized_But_Others_Restricted
Honduras,None,Restrict_Mass_Gatherings_and_Schools_and_Others
Portugal,None,Authorize_Schools_but_Restrict_Mass_Gatherings_and_Others
Chile,Santiago Metropolitan Region,Mass_Gatherings_Authorized_But_Others_Restricted
Hungary,None,Authorize_Schools_but_Restrict_Mass_Gatherings_and_Others
Russia,Stavropol Krai,Mass_Gatherings_Authorized_But_Others_Restricted
South Africa,ZA_FS_MAN,Lockdown
Italy,Apulia,Authorize_Schools_but_Restrict_Mass_Gatherings_and_Others
Mexico,Querétaro,Lockdown
Germany,Mecklenburg-Vorpommern,Authorize_Schools_but_Restrict_Mass_Gatherings_and_Others
Philippines,None,Mass_Gatherings_Authorized_But_Others_Restricted
Kenya,None,Restrict_Mass_Gatherings_and_Schools_and_Others
Israel,None,Authorize_Schools_but_Restrict_Mass_Gatherings_and_Others
Netherlands,Drenthe,Authorize_Schools_but_Restrict_Mass_Gatherings_and_Others
Papua New Guinea,None,Authorize_Schools_but_Restrict_Mass_Gatherings_and_Others
Brazil,Rio de Janeiro,Mass_Gatherings_Authorized_But_Others_Restricted
Russia,Moscow Oblast,Mass_Gatherings_Authorized_But_Others_Restricted
Germany,Saarland,Authorize_Schools_but_Restrict_Mass_Gatherings_and_Others
Peru,Arequipa,Lockdown
Mexico,Michoacán,Lockdown
India,Punjab,Authorize_Schools_but_Restrict_Mass_Gatherings_and_Others
Uganda,None,Lockdown
Mexico,MX_CMX_09015,Lockdown
Germany,Saxony-Anhalt,Authorize_Schools_but_Restrict_Mass_Gatherings_and_Others
Russia,Samara Oblast,Mass_Gatherings_Authorized_But_Others_Restricted
South Africa,Northern Cape,Lockdown
Brazil,Roraima,Mass_Gatherings_Authorized_But_Others_Restricted
Spain,Extremadura,Mass_Gatherings_Authorized_But_Others_Restricted
Ukraine,Zhytomyr,Mass_Gatherings_Authorized_But_Others_Restricted
Italy,Marche,Authorize_Schools_but_Restrict_Mass_Gatherings_and_Others
Netherlands,North Holland,Authorize_Schools_but_Restrict_Mass_Gatherings_and_Others
Germany,Baden-Württemberg,Authorize_Schools_but_Restrict_Mass_Gatherings_and_Others
Colombia,Bolívar,Restrict_Mass_Gatherings_and_Schools_and_Others
Russia,Kirov Oblast,Mass_Gatherings_Authorized_But_Others_Restricted
Mexico,San Luis Potosí,Lockdown
Ukraine,None,Mass_Gatherings_Authorized_But_Others_Restricted
Bermuda,None,Authorize_Schools_but_Restrict_Mass_Gatherings_and_Others
Spain,Cataluña,Mass_Gatherings_Authorized_But_Others_Restricted
Ukraine,Chernihiv,Mass_Gatherings_Authorized_But_Others_Restricted
South Africa,ZA_GP_TSH,Lockdown
Kuwait,None,Restrict_Mass_Gatherings_and_Schools_and_Others
Peru,Cajamarca,Lockdown
Brazil,MatoGrosso,Mass_Gatherings_Authorized_But_Others_Restricted
Mexico,Baja California,Lockdown
Peru,Puno,Lockdown
Cayman Islands,None,Mass_Gatherings_Authorized_But_Others_Restricted
India,Telangana,Authorize_Schools_but_Restrict_Mass_Gatherings_and_Others
Botswana,None,Authorize_Schools_but_Restrict_Mass_Gatherings_and_Others
Eswatini,None,Authorize_Schools_but_Restrict_Mass_Gatherings_and_Others
Mexico,Colima,Lockdown
Mexico,State of Mexico,Lockdown
Russia,Lipetsk Oblast,Mass_Gatherings_Authorized_But_Others_Restricted
Italy,Sardinia,Authorize_Schools_but_Restrict_Mass_Gatherings_and_Others
Canada,Alberta,Mass_Gatherings_Authorized_But_Others_Restricted
Philippines,Zamboanga Peninsula,Mass_Gatherings_Authorized_But_Others_Restricted
Spain,Islas Canarias,Mass_Gatherings_Authorized_But_Others_Restricted
Estonia,None,Authorize_Schools_but_Restrict_Mass_Gatherings_and_Others
South Africa,North West,Lockdown
Mexico,MX_MOR_17007,Lockdown
France,Corsica,Mass_Gatherings_Authorized_But_Others_Restricted
Russia,Belgorod Oblast,Mass_Gatherings_Authorized_But_Others_Restricted
Central African Republic,None,Restrict_Mass_Gatherings_and_Schools_and_Others
Italy,Sicily,Authorize_Schools_but_Restrict_Mass_Gatherings_and_Others
Belgium,Antwerp,Authorize_Schools_but_Restrict_Mass_Gatherings_and_Others
Congo,None,Lockdown
Madagascar,None,Authorize_Schools_but_Restrict_Mass_Gatherings_and_Others
Colombia,Caldas,Restrict_Mass_Gatherings_and_Schools_and_Others
India,Gujarat,Authorize_Schools_but_Restrict_Mass_Gatherings_and_Others
Philippines,Soccsksargen,Mass_Gatherings_Authorized_But_Others_Restricted
Russia,Krasnoyarsk Krai,Mass_Gatherings_Authorized_But_Others_Restricted
Chile,Araucanía,Mass_Gatherings_Authorized_But_Others_Restricted
Namibia,None,Lockdown
Sweden,None,Authorize_Schools_but_Restrict_Mass_Gatherings_and_Others
Ukraine,Sumy,Mass_Gatherings_Authorized_But_Others_Restricted
Australia,None,Mass_Gatherings_Authorized_But_Others_Restricted
India,Jammu and Kashmir,Authorize_Schools_but_Restrict_Mass_Gatherings_and_Others
Italy,Campania,Authorize_Schools_but_Restrict_Mass_Gatherings_and_Others
Australia,Western Australia,Mass_Gatherings_Authorized_But_Others_Restricted
Russia,Chelyabinsk Oblast,Mass_Gatherings_Authorized_But_Others_Restricted
Russia,Nizhny Novgorod Oblast,Mass_Gatherings_Authorized_But_Others_Restricted
Mexico,Tlaxcala,Lockdown
Lebanon,None,Lockdown
Canada,British Columbia,Mass_Gatherings_Authorized_But_Others_Restricted
Russia,Moscow,Mass_Gatherings_Authorized_But_Others_Restricted
Italy,Veneto,Authorize_Schools_but_Restrict_Mass_Gatherings_and_Others
France,Bourgogne-Franche-Comté,Mass_Gatherings_Authorized_But_Others_Restricted
Niger,None,Mass_Gatherings_Authorized_But_Others_Restricted
Peru,PE_LOR_0113,Lockdown
Russia,Udmurtia,Mass_Gatherings_Authorized_But_Others_Restricted
Peru,Junín,Lockdown
Cameroon,None,Authorize_Schools_but_Restrict_Mass_Gatherings_and_Others
Ecuador,None,Authorize_Schools_but_Restrict_Mass_Gatherings_and_Others
Russia,Tomsk Oblast,Mass_Gatherings_Authorized_But_Others_Restricted
Chile,Los Lagos,Mass_Gatherings_Authorized_But_Others_Restricted
South Africa,ZA_WC_CPT,Lockdown
Italy,Emilia-Romagna,Authorize_Schools_but_Restrict_Mass_Gatherings_and_Others
Netherlands,North Brabant,Authorize_Schools_but_Restrict_Mass_Gatherings_and_Others
Spain,Comunidad Valenciana,Mass_Gatherings_Authorized_But_Others_Restricted
Russia,Yakutia,Mass_Gatherings_Authorized_But_Others_Restricted
Cape Verde,None,Restrict_Mass_Gatherings_and_Schools_and_Others
Peru,Huancavelica,Lockdown
Argentina,Río Negro,Authorize_Schools_but_Restrict_Mass_Gatherings_and_Others
Gabon,None,Authorize_Schools_but_Restrict_Mass_Gatherings_and_Others
Ukraine,Zaporizhzhya,Mass_Gatherings_Authorized_But_Others_Restricted
Colombia,Chocó,Restrict_Mass_Gatherings_and_Schools_and_Others
Peru,San Martín,Lockdown
Chile,CL_RM_13101,Mass_Gatherings_Authorized_But_Others_Restricted
France,Brittany,Mass_Gatherings_Authorized_But_Others_Restricted
Ukraine,Lviv,Mass_Gatherings_Authorized_But_Others_Restricted
Brazil,Espirito Santo,Mass_Gatherings_Authorized_But_Others_Restricted
Colombia,Quindío,Restrict_Mass_Gatherings_and_Schools_and_Others
Russia,Kamchatka Krai,Mass_Gatherings_Authorized_But_Others_Restricted
India,Mizoram,Authorize_Schools_but_Restrict_Mass_Gatherings_and_Others
Guatemala,None,Lockdown
Peru,Callao,Lockdown
India,Himachal Pradesh,Authorize_Schools_but_Restrict_Mass_Gatherings_and_Others
Singapore,None,Authorize_Schools_but_Restrict_Mass_Gatherings_and_Others
Mexico,Mexico City,Lockdown
Russia,Buryatia,Mass_Gatherings_Authorized_But_Others_Restricted
Mali,None,Restrict_Mass_Gatherings_and_Schools_and_Others
Ukraine,Poltava,Mass_Gatherings_Authorized_But_Others_Restricted
Italy,None,Authorize_Schools_but_Restrict_Mass_Gatherings_and_Others
South Africa,ZA_WC_DC2,Lockdown
Chile,CL_AR_09101,Mass_Gatherings_Authorized_But_Others_Restricted
Colombia,Bogotá D.C.,Restrict_Mass_Gatherings_and_Schools_and_Others
Brazil,MatoGrosso do Sul,Mass_Gatherings_Authorized_But_Others_Restricted
Chile,Tarapacá,Mass_Gatherings_Authorized_But_Others_Restricted
New Zealand,None,Mass_Gatherings_Authorized_But_Others_Restricted
United Kingdom,East of England,Authorize_Schools_but_Restrict_Mass_Gatherings_and_Others
Colombia,CO_68_68276,Restrict_Mass_Gatherings_and_Schools_and_Others
Colombia,Santander,Restrict_Mass_Gatherings_and_Schools_and_Others
Russia,Arkhangelsk Oblast,Mass_Gatherings_Authorized_But_Others_Restricted
India,Bihar,Authorize_Schools_but_Restrict_Mass_Gatherings_and_Others
Brazil,Ceará,Mass_Gatherings_Authorized_But_Others_Restricted
Argentina,Tierra del Fuego,Authorize_Schools_but_Restrict_Mass_Gatherings_and_Others
Malawi,None,Restrict_Mass_Gatherings_and_Schools_and_Others
Peru,Moquegua,Lockdown
India,None,Authorize_Schools_but_Restrict_Mass_Gatherings_and_Others
Russia,Kostroma Oblast,Mass_Gatherings_Authorized_But_Others_Restricted
Argentina,City of Buenos Aires,Authorize_Schools_but_Restrict_Mass_Gatherings_and_Others
Russia,Chuvashia,Mass_Gatherings_Authorized_But_Others_Restricted
Spain,Cantabria,Mass_Gatherings_Authorized_But_Others_Restricted
Russia,Tambov Oblast,Mass_Gatherings_Authorized_But_Others_Restricted
Dominica,None,Authorize_Schools_but_Restrict_Mass_Gatherings_and_Others
Russia,Kalmykia,Mass_Gatherings_Authorized_But_Others_Restricted
Russia,Novgorod Oblast,Mass_Gatherings_Authorized_But_Others_Restricted
Mexico,Morelos,Lockdown
Russia,Zabaykalsky Krai,Mass_Gatherings_Authorized_But_Others_Restricted
Peru,Tacna,Lockdown
Lesotho,None,Restrict_Mass_Gatherings_and_Schools_and_Others
United Kingdom,Northern Ireland,Authorize_Schools_but_Restrict_Mass_Gatherings_and_Others
Colombia,Risaralda,Restrict_Mass_Gatherings_and_Schools_and_Others
India,Andaman and Nicobar Islands,Authorize_Schools_but_Restrict_Mass_Gatherings_and_Others
Argentina,Mendoza,Authorize_Schools_but_Restrict_Mass_Gatherings_and_Others
Argentina,Tucumán,Authorize_Schools_but_Restrict_Mass_Gatherings_and_Others
Ghana,None,Restrict_Mass_Gatherings_and_Schools_and_Others
Macao,None,Mass_Gatherings_Authorized_But_Others_Restricted
Sudan,None,Restrict_Mass_Gatherings_and_Schools_and_Others
Argentina,None,Authorize_Schools_but_Restrict_Mass_Gatherings_and_Others
Brazil,BR_BA_292740,Mass_Gatherings_Authorized_But_Others_Restricted
Japan,None,Mass_Gatherings_Authorized_But_Others_Restricted
Mexico,MX_CMX_09012,Lockdown
Italy,Piedmont,Authorize_Schools_but_Restrict_Mass_Gatherings_and_Others
Romania,None,Authorize_Schools_but_Restrict_Mass_Gatherings_and_Others
Russia,Bryansk Oblast,Mass_Gatherings_Authorized_But_Others_Restricted
Kyrgyz Republic,None,Restrict_Mass_Gatherings_and_Schools_and_Others
France,None,Mass_Gatherings_Authorized_But_Others_Restricted
Belgium,Flemish Brabant,Authorize_Schools_but_Restrict_Mass_Gatherings_and_Others
Italy,Aosta Valley,Authorize_Schools_but_Restrict_Mass_Gatherings_and_Others
Mexico,Chiapas,Lockdown
Mexico,Guanajuato,Lockdown
Argentina,San Luis,Authorize_Schools_but_Restrict_Mass_Gatherings_and_Others
Italy,Molise,Authorize_Schools_but_Restrict_Mass_Gatherings_and_Others
Bangladesh,None,Restrict_Mass_Gatherings_and_Schools_and_Others
Russia,Ivanovo Oblast,Mass_Gatherings_Authorized_But_Others_Restricted
Brazil,BR_MT_510340,Mass_Gatherings_Authorized_But_Others_Restricted
Chile,Los Ríos,Mass_Gatherings_Authorized_But_Others_Restricted
Peru,None,Lockdown
Russia,Republic of Karelia,Mass_Gatherings_Authorized_But_Others_Restricted
South Africa,ZA_KZN_DC23,Lockdown
Russia,North Ossetia-Alania,Mass_Gatherings_Authorized_But_Others_Restricted
Algeria,None,Restrict_Mass_Gatherings_and_Schools_and_Others
Georgia,None,Restrict_Mass_Gatherings_and_Schools_and_Others
Costa Rica,None,Restrict_Mass_Gatherings_and_Schools_and_Others
Ukraine,Mykolaiv,Mass_Gatherings_Authorized_But_Others_Restricted
Colombia,None,Restrict_Mass_Gatherings_and_Schools_and_Others
Germany,Hamburg,Authorize_Schools_but_Restrict_Mass_Gatherings_and_Others
Cyprus,None,Authorize_Schools_but_Restrict_Mass_Gatherings_and_Others
Russia,Oryol Oblast,Mass_Gatherings_Authorized_But_Others_Restricted
France,Centre-Val de Loire,Mass_Gatherings_Authorized_But_Others_Restricted
Peru,PE_CAL_0102,Lockdown
Chile,Ñuble,Mass_Gatherings_Authorized_But_Others_Restricted
Colombia,Arauca,Restrict_Mass_Gatherings_and_Schools_and_Others
Peru,Metropolitan Municipality of Lima,Lockdown
Argentina,Santiago del Estero,Authorize_Schools_but_Restrict_Mass_Gatherings_and_Others
Turks and Caicos Islands,None,Restrict_Mass_Gatherings_and_Schools_and_Others
Russia,Kaluga Oblast,Mass_Gatherings_Authorized_But_Others_Restricted
Mexico,Sinaloa,Lockdown
Peru,Pasco,Lockdown
Colombia,Cesar,Restrict_Mass_Gatherings_and_Schools_and_Others
Syria,None,Authorize_Schools_but_Restrict_Mass_Gatherings_and_Others
Peru,La Libertad,Lockdown
Russia,Kemerovo Oblast,Mass_Gatherings_Authorized_But_Others_Restricted
Ethiopia,None,Restrict_Mass_Gatherings_and_Schools_and_Others
Brazil,BR_SC_420460,Mass_Gatherings_Authorized_But_Others_Restricted
Argentina,Jujuy,Authorize_Schools_but_Restrict_Mass_Gatherings_and_Others
Colombia,Vaupés,Restrict_Mass_Gatherings_and_Schools_and_Others
Uzbekistan,None,Restrict_Mass_Gatherings_and_Schools_and_Others
Ukraine,Khmelnytskyi,Mass_Gatherings_Authorized_But_Others_Restricted
Colombia,Putumayo,Restrict_Mass_Gatherings_and_Schools_and_Others
Belgium,Limburg,Authorize_Schools_but_Restrict_Mass_Gatherings_and_Others
Chile,Magallanes,Mass_Gatherings_Authorized_But_Others_Restricted
Russia,Yaroslavl Oblast,Mass_Gatherings_Authorized_But_Others_Restricted
South Africa,KwaZulu_Natal,Lockdown
Peru,Áncash,Lockdown
Germany,Thuringia,Authorize_Schools_but_Restrict_Mass_Gatherings_and_Others
Benin,None,Restrict_Mass_Gatherings_and_Schools_and_Others
Albania,None,Authorize_Schools_but_Restrict_Mass_Gatherings_and_Others
Colombia,Guaviare,Restrict_Mass_Gatherings_and_Schools_and_Others
Laos,None,Mass_Gatherings_Authorized_But_Others_Restricted
Russia,Karachay-Cherkessia,Mass_Gatherings_Authorized_But_Others_Restricted
Latvia,None,Restrict_Mass_Gatherings_and_Schools_and_Others
Colombia,Norte de Santander,Restrict_Mass_Gatherings_and_Schools_and_Others
Luxembourg,None,Authorize_Schools_but_Restrict_Mass_Gatherings_and_Others
Chile,O'Higgins,Mass_Gatherings_Authorized_But_Others_Restricted
Slovakia,None,Authorize_Schools_but_Restrict_Mass_Gatherings_and_Others
Ukraine,Kiev Oblast,Mass_Gatherings_Authorized_But_Others_Restricted
Barbados,None,Mass_Gatherings_Authorized_But_Others_Restricted
Mexico,Puebla,Lockdown
Spain,La Rioja,Mass_Gatherings_Authorized_But_Others_Restricted
France,Pays de la Loire,Mass_Gatherings_Authorized_But_Others_Restricted
Denmark,None,Authorize_Schools_but_Restrict_Mass_Gatherings_and_Others
Russia,Jewish Avtonomnyy Okrug,Mass_Gatherings_Authorized_But_Others_Restricted
Dominican Republic,None,Lockdown
United Kingdom,North East,Authorize_Schools_but_Restrict_Mass_Gatherings_and_Others
Ukraine,Luhansk,Mass_Gatherings_Authorized_But_Others_Restricted
Ukraine,Volyn,Mass_Gatherings_Authorized_But_Others_Restricted
South Africa,None,Lockdown
Germany,Rhineland-Palatinate,Authorize_Schools_but_Restrict_Mass_Gatherings_and_Others
India,Tripura,Authorize_Schools_but_Restrict_Mass_Gatherings_and_Others
Spain,Melilla,Mass_Gatherings_Authorized_But_Others_Restricted
Brazil,Rio Grande do Norte,Mass_Gatherings_Authorized_But_Others_Restricted
India,Kerala,Authorize_Schools_but_Restrict_Mass_Gatherings_and_Others
Russia,Vladimir Oblast,Mass_Gatherings_Authorized_But_Others_Restricted
Colombia,Caquetá,Restrict_Mass_Gatherings_and_Schools_and_Others
Angola,None,Restrict_Mass_Gatherings_and_Schools_and_Others
Kazakhstan,None,Restrict_Mass_Gatherings_and_Schools_and_Others
Mexico,Sonora,Lockdown
India,Nagaland,Authorize_Schools_but_Restrict_Mass_Gatherings_and_Others
Malaysia,None,Authorize_Schools_but_Restrict_Mass_Gatherings_and_Others
Vietnam,None,Mass_Gatherings_Authorized_But_Others_Restricted
India,Karnataka,Authorize_Schools_but_Restrict_Mass_Gatherings_and_Others
South Africa,ZA_KZN_ETH,Lockdown
Italy,Basilicata,Authorize_Schools_but_Restrict_Mass_Gatherings_and_Others
Colombia,CO_08_08758,Restrict_Mass_Gatherings_and_Schools_and_Others
Russia,Sverdlovsk Oblast,Mass_Gatherings_Authorized_But_Others_Restricted
Colombia,Casanare,Restrict_Mass_Gatherings_and_Schools_and_Others
Brazil,Rondônia,Mass_Gatherings_Authorized_But_Others_Restricted
Russia,Irkutsk Oblast,Mass_Gatherings_Authorized_But_Others_Restricted
Spain,Comunidad de Madrid,Mass_Gatherings_Authorized_But_Others_Restricted
Sri Lanka,None,Authorize_Schools_but_Restrict_Mass_Gatherings_and_Others
Cuba,None,Lockdown
Moldova,None,Restrict_Mass_Gatherings_and_Schools_and_Others
Russia,Khakassia,Mass_Gatherings_Authorized_But_Others_Restricted
Ukraine,Kiev,Mass_Gatherings_Authorized_But_Others_Restricted
United Kingdom,Wales,Authorize_Schools_but_Restrict_Mass_Gatherings_and_Others
Argentina,La Rioja,Authorize_Schools_but_Restrict_Mass_Gatherings_and_Others
Peru,Lambayeque,Lockdown
Serbia,None,Authorize_Schools_but_Restrict_Mass_Gatherings_and_Others
Philippines,Northern Mindanao,Mass_Gatherings_Authorized_But_Others_Restricted
Belarus,None,Mass_Gatherings_Authorized_But_Others_Restricted
France,Provence-Alpes-Côte d'Azur,Mass_Gatherings_Authorized_But_Others_Restricted
India,Haryana,Authorize_Schools_but_Restrict_Mass_Gatherings_and_Others
South Africa,Western Cape,Lockdown
Brazil,BR_RJ_330455,Mass_Gatherings_Authorized_But_Others_Restricted
Colombia,Valle Del Cauca,Restrict_Mass_Gatherings_and_Schools_and_Others
Colombia,Meta,Restrict_Mass_Gatherings_and_Schools_and_Others
Spain,Castilla-La Mancha,Mass_Gatherings_Authorized_But_Others_Restricted
Brazil,BR_SP_350950,Mass_Gatherings_Authorized_But_Others_Restricted
Chile,Arica y Parinacota,Mass_Gatherings_Authorized_But_Others_Restricted
Argentina,Entre Ríos,Authorize_Schools_but_Restrict_Mass_Gatherings_and_Others
Germany,Schleswig-Holstein,Authorize_Schools_but_Restrict_Mass_Gatherings_and_Others
Russia,Tula Oblast,Mass_Gatherings_Authorized_But_Others_Restricted
Iceland,None,Authorize_Schools_but_Restrict_Mass_Gatherings_and_Others
Russia,Tver Oblast,Mass_Gatherings_Authorized_But_Others_Restricted
United Kingdom,North West,Authorize_Schools_but_Restrict_Mass_Gatherings_and_Others
Colombia,Amazonas,Restrict_Mass_Gatherings_and_Schools_and_Others
Spain,Castilla y León,Mass_Gatherings_Authorized_But_Others_Restricted
Iraq,None,Lockdown
Russia,Astrakhan Oblast,Mass_Gatherings_Authorized_But_Others_Restricted
Mauritius,None,Mass_Gatherings_Authorized_But_Others_Restricted
Mauritania,None,Mass_Gatherings_Authorized_But_Others_Restricted
Tunisia,None,Mass_Gatherings_Authorized_But_Others_Restricted
United Kingdom,East Midlands,Authorize_Schools_but_Restrict_Mass_Gatherings_and_Others
Thailand,None,Authorize_Schools_but_Restrict_Mass_Gatherings_and_Others
India,Tamil Nadu,Authorize_Schools_but_Restrict_Mass_Gatherings_and_Others
Chile,Biobío,Mass_Gatherings_Authorized_But_Others_Restricted
Russia,Murmansk Oblast,Mass_Gatherings_Authorized_But_Others_Restricted
British Virgin Islands,None,Lockdown
Kosovo,None,Authorize_Schools_but_Restrict_Mass_Gatherings_and_Others
South Africa,Free State,Lockdown
Argentina,San Juan,Authorize_Schools_but_Restrict_Mass_Gatherings_and_Others
Mexico,Jalisco,Lockdown
South Africa,ZA_EC_NMA,Lockdown
United Kingdom,None,Authorize_Schools_but_Restrict_Mass_Gatherings_and_Others
Palestine,None,Restrict_Mass_Gatherings_and_Schools_and_Others
Peru,Ica,Lockdown
Lithuania,None,Authorize_Schools_but_Restrict_Mass_Gatherings_and_Others
Brazil,Minas Gerais,Mass_Gatherings_Authorized_But_Others_Restricted
Haiti,None,Mass_Gatherings_Authorized_But_Others_Restricted
Czechia,None,Authorize_Schools_but_Restrict_Mass_Gatherings_and_Others
Colombia,CO_76_76001,Restrict_Mass_Gatherings_and_Schools_and_Others
Colombia,Boyacá,Restrict_Mass_Gatherings_and_Schools_and_Others
Saudi Arabia,None,Restrict_Mass_Gatherings_and_Schools_and_Others
Argentina,Santa Cruz,Authorize_Schools_but_Restrict_Mass_Gatherings_and_Others
Slovenia,None,Authorize_Schools_but_Restrict_Mass_Gatherings_and_Others
Germany,Lower Saxony,Authorize_Schools_but_Restrict_Mass_Gatherings_and_Others
Philippines,Cagayan Valley,Mass_Gatherings_Authorized_But_Others_Restricted
Brazil,Amazonas,Mass_Gatherings_Authorized_But_Others_Restricted
Brazil,BR_PA_150140,Mass_Gatherings_Authorized_But_Others_Restricted
Azerbaijan,None,Restrict_Mass_Gatherings_and_Schools_and_Others
Brunei,None,Authorize_Schools_but_Restrict_Mass_Gatherings_and_Others
Mexico,MX_OAX_20067,Lockdown
India,Chhattisgarh,Authorize_Schools_but_Restrict_Mass_Gatherings_and_Others
Russia,Pskov Oblast,Mass_Gatherings_Authorized_But_Others_Restricted
Peru,Loreto,Lockdown
Peru,PE_CAL_0101,Lockdown
France,Hauts-de-France,Mass_Gatherings_Authorized_But_Others_Restricted
Russia,Volgograd Oblast,Mass_Gatherings_Authorized_But_Others_Restricted
Belgium,East Flanders,Authorize_Schools_but_Restrict_Mass_Gatherings_and_Others
Guinea,None,Authorize_Schools_but_Restrict_Mass_Gatherings_and_Others
Philippines,Central Luzon,Mass_Gatherings_Authorized_But_Others_Restricted
Russia,Saint Petersburg,Mass_Gatherings_Authorized_But_Others_Restricted
Argentina,Córdoba,Authorize_Schools_but_Restrict_Mass_Gatherings_and_Others
Colombia,CO_63_63001,Restrict_Mass_Gatherings_and_Schools_and_Others
Colombia,Vichada,Restrict_Mass_Gatherings_and_Schools_and_Others
Brazil,BR_MG_310620,Mass_Gatherings_Authorized_But_Others_Restricted
Ukraine,Kherson,Mass_Gatherings_Authorized_But_Others_Restricted
Mexico,Chihuahua,Lockdown
Brazil,BR_RJ_330350,Mass_Gatherings_Authorized_But_Others_Restricted
Colombia,Tolima,Restrict_Mass_Gatherings_and_Schools_and_Others
Philippines,Western Visayas,Mass_Gatherings_Authorized_But_Others_Restricted
Norway,None,Authorize_Schools_but_Restrict_Mass_Gatherings_and_Others
Brazil,BR_RS_431490,Mass_Gatherings_Authorized_But_Others_Restricted
Rwanda,None,Lockdown
Chile,Antofagasta,Mass_Gatherings_Authorized_But_Others_Restricted
India,Ladakh,Authorize_Schools_but_Restrict_Mass_Gatherings_and_Others
Russia,Primorsky Krai,Mass_Gatherings_Authorized_But_Others_Restricted
United Kingdom,Scotland,Authorize_Schools_but_Restrict_Mass_Gatherings_and_Others
Senegal,None,Restrict_Mass_Gatherings_and_Schools_and_Others
Finland,None,Mass_Gatherings_Authorized_But_Others_Restricted
Germany,North Rhine-Westphalia,Authorize_Schools_but_Restrict_Mass_Gatherings_and_Others
Brazil,BR_SP_354980,Mass_Gatherings_Authorized_But_Others_Restricted
Russia,Republic of Crimea,Mass_Gatherings_Authorized_But_Others_Restricted
United Arab Emirates,None,Mass_Gatherings_Authorized_But_Others_Restricted
Ukraine,Chernivtsi,Mass_Gatherings_Authorized_But_Others_Restricted
Spain,Galicia,Mass_Gatherings_Authorized_But_Others_Restricted
Canada,None,Mass_Gatherings_Authorized_But_Others_Restricted
Mexico,Nuevo León,Lockdown
Philippines,Ilocos Region,Mass_Gatherings_Authorized_But_Others_Restricted
Turkey,None,Restrict_Mass_Gatherings_and_Schools_and_Others
Russia,Ulyanovsk Oblast,Mass_Gatherings_Authorized_But_Others_Restricted
Russia,Khanty-Mansi Avtonomnyy Okrug,Mass_Gatherings_Authorized_But_Others_Restricted
Russia,Mari El,Mass_Gatherings_Authorized_But_Others_Restricted
Peru,Tumbes,Lockdown
Guam,None,Lockdown
United Kingdom,South West,Authorize_Schools_but_Restrict_Mass_Gatherings_and_Others
Hong Kong,None,Restrict_Mass_Gatherings_and_Schools_and_Others
Bosnia and Herzegovina,None,Authorize_Schools_but_Restrict_Mass_Gatherings_and_Others
Russia,Kurgan Oblast,Mass_Gatherings_Authorized_But_Others_Restricted
Colombia,CO_08_08001,Restrict_Mass_Gatherings_and_Schools_and_Others
Gibraltar,None,Restrict_Mass_Gatherings_and_Schools_and_Others
Colombia,Atlántico,Restrict_Mass_Gatherings_and_Schools_and_Others
Colombia,San Andrés and Providencia,Restrict_Mass_Gatherings_and_Schools_and_Others
Brazil,Distrito Federal,Mass_Gatherings_Authorized_But_Others_Restricted
Germany,Brandenburg,Authorize_Schools_but_Restrict_Mass_Gatherings_and_Others
Russia,Altai Krai,Mass_Gatherings_Authorized_But_Others_Restricted
Mexico,Tamaulipas,Lockdown
Russia,Vologda Oblast,Mass_Gatherings_Authorized_But_Others_Restricted
Colombia,La Guajira,Restrict_Mass_Gatherings_and_Schools_and_Others
Liberia,None,Restrict_Mass_Gatherings_and_Schools_and_Others
Peru,Ucayali,Lockdown
Italy,Lombardy,Authorize_Schools_but_Restrict_Mass_Gatherings_and_Others
Nicaragua,None,Mass_Gatherings_Authorized_But_Others_Restricted
Belgium,Brussels,Authorize_Schools_but_Restrict_Mass_Gatherings_and_Others
India,Arunachal Pradesh,Authorize_Schools_but_Restrict_Mass_Gatherings_and_Others
South Africa,ZA_MP_DC31,Lockdown
Brazil,Rio Grande do Sul,Mass_Gatherings_Authorized_But_Others_Restricted
Russia,Bashkortostan,Mass_Gatherings_Authorized_But_Others_Restricted
India,Uttarakhand,Authorize_Schools_but_Restrict_Mass_Gatherings_and_Others
Brazil,Bahia,Mass_Gatherings_Authorized_But_Others_Restricted
Switzerland,None,Authorize_Schools_but_Restrict_Mass_Gatherings_and_Others
Belgium,West Flanders,Authorize_Schools_but_Restrict_Mass_Gatherings_and_Others
France,Grand Est,Mass_Gatherings_Authorized_But_Others_Restricted
Panama,None,Lockdown
Ukraine,Ivano-Frankivsk,Mass_Gatherings_Authorized_But_Others_Restricted
Russia,Leningrad Oblast,Mass_Gatherings_Authorized_But_Others_Restricted
Mexico,Quintana Roo,Lockdown
Colombia,Magdalena,Restrict_Mass_Gatherings_and_Schools_and_Others
Australia,Victoria,Mass_Gatherings_Authorized_But_Others_Restricted
Canada,Quebec,Mass_Gatherings_Authorized_But_Others_Restricted
Mozambique,None,Restrict_Mass_Gatherings_and_Schools_and_Others
Belgium,None,Authorize_Schools_but_Restrict_Mass_Gatherings_and_Others
Belgium,Walloon Brabant,Authorize_Schools_but_Restrict_Mass_Gatherings_and_Others
Russia,Dagestan,Mass_Gatherings_Authorized_But_Others_Restricted
Chile,Maule,Mass_Gatherings_Authorized_But_Others_Restricted
Netherlands,Zeeland,Authorize_Schools_but_Restrict_Mass_Gatherings_and_Others
South Africa,Mpumalanga,Lockdown
Brazil,Santa Catarina,Mass_Gatherings_Authorized_But_Others_Restricted
Bhutan,None,Restrict_Mass_Gatherings_and_Schools_and_Others
Djibouti,None,Authorize_Schools_but_Restrict_Mass_Gatherings_and_Others
Brazil,BR_RS_431690,Mass_Gatherings_Authorized_But_Others_Restricted
Mexico,Aguascalientes,Lockdown
Chad,None,Restrict_Mass_Gatherings_and_Schools_and_Others
Mexico,Yucatán,Lockdown
China,None,Mass_Gatherings_Authorized_But_Others_Restricted
Italy,Abruzzo,Authorize_Schools_but_Restrict_Mass_Gatherings_and_Others
Oman,None,Restrict_Mass_Gatherings_and_Schools_and_Others
Iran,None,Authorize_Schools_but_Restrict_Mass_Gatherings_and_Others
Pakistan,None,Mass_Gatherings_Authorized_But_Others_Restricted
Peru,Ayacucho,Lockdown
Peru,Amazonas,Lockdown
Russia,Tuva,Mass_Gatherings_Authorized_But_Others_Restricted
Netherlands,Flevoland,Authorize_Schools_but_Restrict_Mass_Gatherings_and_Others
Belgium,Luxembourg,Authorize_Schools_but_Restrict_Mass_Gatherings_and_Others
Brazil,São Paulo,Mass_Gatherings_Authorized_But_Others_Restricted
Germany,Bavaria,Authorize_Schools_but_Restrict_Mass_Gatherings_and_Others
Yemen,None,Mass_Gatherings_Authorized_But_Others_Restricted
France,Occitanie,Mass_Gatherings_Authorized_But_Others_Restricted
Brazil,Tocantins,Mass_Gatherings_Authorized_But_Others_Restricted
Chile,Valparaíso,Mass_Gatherings_Authorized_But_Others_Restricted
Canada,Nova Scotia,Mass_Gatherings_Authorized_But_Others_Restricted
India,Delhi,Authorize_Schools_but_Restrict_Mass_Gatherings_and_Others
France,Nouvelle-Aquitaine,Mass_Gatherings_Authorized_But_Others_Restricted
Belgium,Namur,Authorize_Schools_but_Restrict_Mass_Gatherings_and_Others
Russia,Kursk Oblast,Mass_Gatherings_Authorized_But_Others_Restricted
Philippines,Central Visayas,Mass_Gatherings_Authorized_But_Others_Restricted
Brazil,Goiás,Mass_Gatherings_Authorized_But_Others_Restricted
Russia,Perm Krai,Mass_Gatherings_Authorized_But_Others_Restricted
United Kingdom,Greater London,Authorize_Schools_but_Restrict_Mass_Gatherings_and_Others
Russia,Adygea,Mass_Gatherings_Authorized_But_Others_Restricted
Germany,Berlin,Authorize_Schools_but_Restrict_Mass_Gatherings_and_Others
Argentina,Buenos Aires Province,Authorize_Schools_but_Restrict_Mass_Gatherings_and_Others
Philippines,Davao Region,Mass_Gatherings_Authorized_But_Others_Restricted
South Africa,ZA_NW_DC37,Lockdown
Ireland,None,Restrict_Mass_Gatherings_and_Schools_and_Others
Philippines,Bicol Region,Mass_Gatherings_Authorized_But_Others_Restricted
Philippines,Mimaropa,Mass_Gatherings_Authorized_But_Others_Restricted
United Kingdom,Yorkshire and the Humber,Authorize_Schools_but_Restrict_Mass_Gatherings_and_Others
Morocco,None,Restrict_Mass_Gatherings_and_Schools_and_Others
Peru,Huánuco,Lockdown
Ukraine,Kharkiv,Mass_Gatherings_Authorized_But_Others_Restricted
Germany,Hesse,Authorize_Schools_but_Restrict_Mass_Gatherings_and_Others
Brazil,Acre,Mass_Gatherings_Authorized_But_Others_Restricted
Zambia,None,Authorize_Schools_but_Restrict_Mass_Gatherings_and_Others
India,Maharashtra,Authorize_Schools_but_Restrict_Mass_Gatherings_and_Others
Greenland,None,Authorize_Schools_but_Restrict_Mass_Gatherings_and_Others
Netherlands,South Holland,Authorize_Schools_but_Restrict_Mass_Gatherings_and_Others
France,Normandy,Mass_Gatherings_Authorized_But_Others_Restricted
Philippines,Calabarzon,Mass_Gatherings_Authorized_But_Others_Restricted
Colombia,Cauca,Restrict_Mass_Gatherings_and_Schools_and_Others
Spain,None,Mass_Gatherings_Authorized_But_Others_Restricted
Peru,Lima Region,Lockdown
Italy,Liguria,Authorize_Schools_but_Restrict_Mass_Gatherings_and_Others
Argentina,La Pampa,Authorize_Schools_but_Restrict_Mass_Gatherings_and_Others
Russia,Yamalo-Nenets Avtonomnyy Okrug,Mass_Gatherings_Authorized_But_Others_Restricted
Netherlands,Groningen,Authorize_Schools_but_Restrict_Mass_Gatherings_and_Others
Colombia,CO_11_11001,Restrict_Mass_Gatherings_and_Schools_and_Others
Nepal,None,Restrict_Mass_Gatherings_and_Schools_and_Others
Netherlands,Limburg,Authorize_Schools_but_Restrict_Mass_Gatherings_and_Others
South Africa,ZA_LP_DC47,Lockdown
Argentina,Corrientes,Authorize_Schools_but_Restrict_Mass_Gatherings_and_Others
Brazil,BR_SP_354880,Mass_Gatherings_Authorized_But_Others_Restricted
Jordan,None,Restrict_Mass_Gatherings_and_Schools_and_Others
India,Rajasthan,Authorize_Schools_but_Restrict_Mass_Gatherings_and_Others
United Kingdom,West Midlands,Authorize_Schools_but_Restrict_Mass_Gatherings_and_Others
Myanmar,None,Lockdown
Russia,Orenburg Oblast,Mass_Gatherings_Authorized_But_Others_Restricted
Chile,None,Mass_Gatherings_Authorized_But_Others_Restricted
Argentina,Neuquén,Authorize_Schools_but_Restrict_Mass_Gatherings_and_Others
Brazil,Pernambuco,Mass_Gatherings_Authorized_But_Others_Restricted
India,Assam,Authorize_Schools_but_Restrict_Mass_Gatherings_and_Others
Mexico,Campeche,Lockdown
Italy,Trentino-Alto Adige,Authorize_Schools_but_Restrict_Mass_Gatherings_and_Others
Cambodia,None,Authorize_Schools_but_Restrict_Mass_Gatherings_and_Others
Spain,Navarra,Mass_Gatherings_Authorized_But_Others_Restricted
Spain,Islas Baleares,Mass_Gatherings_Authorized_But_Others_Restricted
India,Andhra Pradesh,Authorize_Schools_but_Restrict_Mass_Gatherings_and_Others
Peru,Cusco,Lockdown
India,Manipur,Authorize_Schools_but_Restrict_Mass_Gatherings_and_Others
Italy,Umbria,Authorize_Schools_but_Restrict_Mass_Gatherings_and_Others
Colombia,CO_47_47001,Restrict_Mass_Gatherings_and_Schools_and_Others
Burundi,None,Mass_Gatherings_Authorized_But_Others_Restricted
Brazil,None,Mass_Gatherings_Authorized_But_Others_Restricted
Mexico,Durango,Lockdown
Korea, South,None,Mass_Gatherings_Authorized_But_Others_Restricted
Russia,Novosibirsk Oblast,Mass_Gatherings_Authorized_But_Others_Restricted
Chile,CL_ML_07101,Mass_Gatherings_Authorized_But_Others_Restricted
Mexico,Tabasco,Lockdown
Spain,Region de Murcia,Mass_Gatherings_Authorized_But_Others_Restricted
Bolivia,None,Lockdown
Ukraine,Cherkasy,Mass_Gatherings_Authorized_But_Others_Restricted
Somalia,None,Lockdown
Netherlands,Utrecht,Authorize_Schools_but_Restrict_Mass_Gatherings_and_Others
Mexico,Nayarit,Lockdown
Peru,Apurímac,Lockdown
Sierra Leone,None,Restrict_Mass_Gatherings_and_Schools_and_Others
India,Odisha,Authorize_Schools_but_Restrict_Mass_Gatherings_and_Others
Argentina,Salta,Authorize_Schools_but_Restrict_Mass_Gatherings_and_Others
Colombia,Sucre,Restrict_Mass_Gatherings_and_Schools_and_Others
Burkina Faso,None,Authorize_Schools_but_Restrict_Mass_Gatherings_and_Others
India,Uttar Pradesh,Authorize_Schools_but_Restrict_Mass_Gatherings_and_Others
South Africa,Limpopo,Lockdown
India,Madhya Pradesh,Authorize_Schools_but_Restrict_Mass_Gatherings_and_Others
US,None,Mass_Gatherings_Authorized_But_Others_Restricted
Togo,None,Restrict_Mass_Gatherings_and_Schools_and_Others
Brazil,BR_SP_354340,Mass_Gatherings_Authorized_But_Others_Restricted
Russia,Amur Oblast,Mass_Gatherings_Authorized_But_Others_Restricted
Germany,None,Authorize_Schools_but_Restrict_Mass_Gatherings_and_Others
India,Sikkim,Authorize_Schools_but_Restrict_Mass_Gatherings_and_Others
San Marino,None,Mass_Gatherings_Authorized_But_Others_Restricted
Ukraine,Zakarpattia,Mass_Gatherings_Authorized_But_Others_Restricted
Argentina,Santa Fe,Authorize_Schools_but_Restrict_Mass_Gatherings_and_Others
US,Indiana,Restrict_Mass_Gatherings_and_Schools_and_Others
US,California,Lockdown
US,Texas,Restrict_Mass_Gatherings_and_Schools_and_Others
US,Vermont,Lockdown
US,Delaware,Lockdown
US,Minnesota,Lockdown
US,North Carolina,Restrict_Mass_Gatherings_and_Schools_and_Others
US,Georgia,Restrict_Mass_Gatherings_and_Schools_and_Others
US,Tennessee,Restrict_Mass_Gatherings_and_Schools_and_Others
US,Massachusetts,Restrict_Mass_Gatherings_and_Schools_and_Others
US,Michigan,Lockdown
US,New York,Lockdown
US,Wyoming,Restrict_Mass_Gatherings_and_Schools_and_Others
US,Arkansas,Restrict_Mass_Gatherings_and_Schools_and_Others
US,Kentucky,Restrict_Mass_Gatherings_and_Schools_and_Others
US,South Carolina,Restrict_Mass_Gatherings_and_Schools_and_Others
US,Iowa,Restrict_Mass_Gatherings_and_Schools_and_Others
US,Oregon,Lockdown
US,Illinois,Lockdown
US,Kansas,Restrict_Mass_Gatherings_and_Schools
US,Hawaii,Lockdown
US,Mississippi,Restrict_Mass_Gatherings_and_Schools_and_Others
US,Virginia,Lockdown
US,Nevada,Lockdown
US,Wisconsin,Lockdown
US,Alaska,Restrict_Mass_Gatherings_and_Schools_and_Others
US,New Mexico,Restrict_Mass_Gatherings_and_Schools_and_Others
US,District of Columbia,Lockdown
US,Maine,Lockdown
US,Colorado,Restrict_Mass_Gatherings_and_Schools_and_Others
US,Missouri,Mass_Gatherings_Authorized_But_Others_Restricted
US,Idaho,Mass_Gatherings_Authorized_But_Others_Restricted
US,Ohio,Lockdown
US,Arizona,Lockdown
US,Washington,Lockdown
US,Connecticut,Restrict_Mass_Gatherings_and_Schools_and_Others
US,Nebraska,Restrict_Mass_Gatherings_and_Schools_and_Others
US,New Jersey,Lockdown
US,Oklahoma,Restrict_Mass_Gatherings_and_Schools_and_Others
US,Montana,Restrict_Mass_Gatherings_and_Schools_and_Others
US,Utah,Restrict_Mass_Gatherings_and_Schools_and_Others
US,Florida,Restrict_Mass_Gatherings_and_Schools_and_Others
US,North Dakota,Mass_Gatherings_Authorized_But_Others_Restricted
US,West Virginia,Restrict_Mass_Gatherings_and_Schools_and_Others
US,New Hampshire,Lockdown
US,Maryland,Lockdown
US,Alabama,Restrict_Mass_Gatherings_and_Schools_and_Others
US,Rhode Island,Restrict_Mass_Gatherings_and_Schools_and_Others
US,Louisiana,Lockdown
US,Pennsylvania,Restrict_Mass_Gatherings_and_Schools_and_Others
US,South Dakota,Mass_Gatherings_Authorized_But_Others_Restricted
